set	assembly	species	clade	taxon_group	ploidy_n	haplotype	in_primary_matrix	asm_version	annot_version	genome_fasta_gz_bytes	genome_fasta_gz_bytes_note	has_reference_proteome	has_precomputed_interproscan	has_maizegdb_helixer_gff	url	genome_fasta	protein_fasta	gff3	interproscan_tsv	helixer_gff	entap	genome_fasta_url	protein_fasta_url	gff3_url	interproscan_tsv_url	helixer_gff_url	entap_url	n_files	notes
HiLo	Zm-CML457-REFERENCE-HiLo-1.0	Zea mays subsp. mays	Zea	maize	2	single	True	1.0	Zm00106aa.1	652000000	COMPRESSED file size in bytes (from FTP listing) - NOT assembly base count. Do not use for runtime/array sizing; real base counts are logged per task by helixer_array.sh.	True	False	False	https://download.maizegdb.org/Genomes/HiLo/Zm-CML457-REFERENCE-HiLo-1.0/	Zm-CML457-REFERENCE-HiLo-1.0.fa.gz	Zm-CML457-REFERENCE-HiLo-1.0_Zm00106aa.1.protein.fa.gz	Zm-CML457-REFERENCE-HiLo-1.0_Zm00106aa.1.gff3.gz				https://download.maizegdb.org/Genomes/HiLo/Zm-CML457-REFERENCE-HiLo-1.0/Zm-CML457-REFERENCE-HiLo-1.0.fa.gz	https://download.maizegdb.org/Genomes/HiLo/Zm-CML457-REFERENCE-HiLo-1.0/Zm-CML457-REFERENCE-HiLo-1.0_Zm00106aa.1.protein.fa.gz	https://download.maizegdb.org/Genomes/HiLo/Zm-CML457-REFERENCE-HiLo-1.0/Zm-CML457-REFERENCE-HiLo-1.0_Zm00106aa.1.gff3.gz				17	
HiLo	Zm-CML459-REFERENCE-HiLo-1.0	Zea mays subsp. mays	Zea	maize	2	single	True	1.0	Zm00107aa.1	624000000	COMPRESSED file size in bytes (from FTP listing) - NOT assembly base count. Do not use for runtime/array sizing; real base counts are logged per task by helixer_array.sh.	True	False	False	https://download.maizegdb.org/Genomes/HiLo/Zm-CML459-REFERENCE-HiLo-1.0/	Zm-CML459-REFERENCE-HiLo-1.0.fa.gz	Zm-CML459-REFERENCE-HiLo-1.0_Zm00107aa.1.protein.fa.gz	Zm-CML459-REFERENCE-HiLo-1.0_Zm00107aa.1.gff3.gz				https://download.maizegdb.org/Genomes/HiLo/Zm-CML459-REFERENCE-HiLo-1.0/Zm-CML459-REFERENCE-HiLo-1.0.fa.gz	https://download.maizegdb.org/Genomes/HiLo/Zm-CML459-REFERENCE-HiLo-1.0/Zm-CML459-REFERENCE-HiLo-1.0_Zm00107aa.1.protein.fa.gz	https://download.maizegdb.org/Genomes/HiLo/Zm-CML459-REFERENCE-HiLo-1.0/Zm-CML459-REFERENCE-HiLo-1.0_Zm00107aa.1.gff3.gz				17	
HiLo	Zm-CML530-REFERENCE-HiLo-1.0	Zea mays subsp. mays	Zea	maize	2	single	True	1.0	Zm00108aa.1	586000000	COMPRESSED file size in bytes (from FTP listing) - NOT assembly base count. Do not use for runtime/array sizing; real base counts are logged per task by helixer_array.sh.	True	False	False	https://download.maizegdb.org/Genomes/HiLo/Zm-CML530-REFERENCE-HiLo-1.0/	Zm-CML530-REFERENCE-HiLo-1.0.fa.gz	Zm-CML530-REFERENCE-HiLo-1.0_Zm00108aa.1.protein.fa.gz	Zm-CML530-REFERENCE-HiLo-1.0_Zm00108aa.1.gff3.gz				https://download.maizegdb.org/Genomes/HiLo/Zm-CML530-REFERENCE-HiLo-1.0/Zm-CML530-REFERENCE-HiLo-1.0.fa.gz	https://download.maizegdb.org/Genomes/HiLo/Zm-CML530-REFERENCE-HiLo-1.0/Zm-CML530-REFERENCE-HiLo-1.0_Zm00108aa.1.protein.fa.gz	https://download.maizegdb.org/Genomes/HiLo/Zm-CML530-REFERENCE-HiLo-1.0/Zm-CML530-REFERENCE-HiLo-1.0_Zm00108aa.1.gff3.gz				15	
HiLo	Zm-PDJ-REFERENCE-HiLo-1.0	Zea mays subsp. mays	Zea	maize	2	single	True	1.0	Zm00112aa.1	648000000	COMPRESSED file size in bytes (from FTP listing) - NOT assembly base count. Do not use for runtime/array sizing; real base counts are logged per task by helixer_array.sh.	True	False	False	https://download.maizegdb.org/Genomes/HiLo/Zm-PDJ-REFERENCE-HiLo-1.0/	Zm-PDJ-REFERENCE-HiLo-1.0.fa.gz	Zm-PDJ-REFERENCE-HiLo-1.0_Zm00112aa.1.protein.fa.gz	Zm-PDJ-REFERENCE-HiLo-1.0_Zm00112aa.1.gff3.gz				https://download.maizegdb.org/Genomes/HiLo/Zm-PDJ-REFERENCE-HiLo-1.0/Zm-PDJ-REFERENCE-HiLo-1.0.fa.gz	https://download.maizegdb.org/Genomes/HiLo/Zm-PDJ-REFERENCE-HiLo-1.0/Zm-PDJ-REFERENCE-HiLo-1.0_Zm00112aa.1.protein.fa.gz	https://download.maizegdb.org/Genomes/HiLo/Zm-PDJ-REFERENCE-HiLo-1.0/Zm-PDJ-REFERENCE-HiLo-1.0_Zm00112aa.1.gff3.gz				17	
HiLo	Zm-PT-REFERENCE-HiLo-1.0	Zea mays subsp. mays	Zea	maize	2	single	True	1.0	Zm00109aa.1	557000000	COMPRESSED file size in bytes (from FTP listing) - NOT assembly base count. Do not use for runtime/array sizing; real base counts are logged per task by helixer_array.sh.	True	False	False	https://download.maizegdb.org/Genomes/HiLo/Zm-PT-REFERENCE-HiLo-1.0/	Zm-PT-REFERENCE-HiLo-1.0.fa.gz	Zm-PT-REFERENCE-HiLo-1.0_Zm00109aa.1.protein.fa.gz	Zm-PT-REFERENCE-HiLo-1.0_Zm00109aa.1.gff3.gz				https://download.maizegdb.org/Genomes/HiLo/Zm-PT-REFERENCE-HiLo-1.0/Zm-PT-REFERENCE-HiLo-1.0.fa.gz	https://download.maizegdb.org/Genomes/HiLo/Zm-PT-REFERENCE-HiLo-1.0/Zm-PT-REFERENCE-HiLo-1.0_Zm00109aa.1.protein.fa.gz	https://download.maizegdb.org/Genomes/HiLo/Zm-PT-REFERENCE-HiLo-1.0/Zm-PT-REFERENCE-HiLo-1.0_Zm00109aa.1.gff3.gz				17	
HiLo	Zm-TAB-REFERENCE-HiLo-1.0	Zea mays subsp. mays	Zea	maize	2	single	True	1.0	Zm00111aa.1	669000000	COMPRESSED file size in bytes (from FTP listing) - NOT assembly base count. Do not use for runtime/array sizing; real base counts are logged per task by helixer_array.sh.	True	False	False	https://download.maizegdb.org/Genomes/HiLo/Zm-TAB-REFERENCE-HiLo-1.0/	Zm-TAB-REFERENCE-HiLo-1.0.fa.gz	Zm-TAB-REFERENCE-HiLo-1.0_Zm00111aa.1.protein.fa.gz	Zm-TAB-REFERENCE-HiLo-1.0_Zm00111aa.1.gff3.gz				https://download.maizegdb.org/Genomes/HiLo/Zm-TAB-REFERENCE-HiLo-1.0/Zm-TAB-REFERENCE-HiLo-1.0.fa.gz	https://download.maizegdb.org/Genomes/HiLo/Zm-TAB-REFERENCE-HiLo-1.0/Zm-TAB-REFERENCE-HiLo-1.0_Zm00111aa.1.protein.fa.gz	https://download.maizegdb.org/Genomes/HiLo/Zm-TAB-REFERENCE-HiLo-1.0/Zm-TAB-REFERENCE-HiLo-1.0_Zm00111aa.1.gff3.gz				17	
HiLo	Zm-ZAP-REFERENCE-HiLo-1.0	Zea mays subsp. mays	Zea	maize	2	single	True	1.0	Zm00110aa.1	643000000	COMPRESSED file size in bytes (from FTP listing) - NOT assembly base count. Do not use for runtime/array sizing; real base counts are logged per task by helixer_array.sh.	True	False	False	https://download.maizegdb.org/Genomes/HiLo/Zm-ZAP-REFERENCE-HiLo-1.0/	Zm-ZAP-REFERENCE-HiLo-1.0.fa.gz	Zm-ZAP-REFERENCE-HiLo-1.0_Zm00110aa.1.protein.fa.gz	Zm-ZAP-REFERENCE-HiLo-1.0_Zm00110aa.1.gff3.gz				https://download.maizegdb.org/Genomes/HiLo/Zm-ZAP-REFERENCE-HiLo-1.0/Zm-ZAP-REFERENCE-HiLo-1.0.fa.gz	https://download.maizegdb.org/Genomes/HiLo/Zm-ZAP-REFERENCE-HiLo-1.0/Zm-ZAP-REFERENCE-HiLo-1.0_Zm00110aa.1.protein.fa.gz	https://download.maizegdb.org/Genomes/HiLo/Zm-ZAP-REFERENCE-HiLo-1.0/Zm-ZAP-REFERENCE-HiLo-1.0_Zm00110aa.1.gff3.gz				17	
NAM_Founders	Zm-B73-REFERENCE-NAM-5.0	Zea mays subsp. mays	Zea	maize	2	single	True	5.0	Zm00001eb.1	616000000	COMPRESSED file size in bytes (from FTP listing) - NOT assembly base count. Do not use for runtime/array sizing; real base counts are logged per task by helixer_array.sh.	True	True	False	https://download.maizegdb.org/Genomes/NAM_Founders/Zm-B73-REFERENCE-NAM-5.0/	Zm-B73-REFERENCE-NAM-5.0.fa.gz	Zm-B73-REFERENCE-NAM-5.0_Zm00001eb.1.protein.fa.gz	Zm-B73-REFERENCE-NAM-5.0_Zm00001eb.1.gff3	Zm-B73-REFERENCE-NAM-5.0_Zm00001eb.1.interproscan.tsv.gz		Zm-B73-REFERENCE-NAM-5.0_Zm00001eb.1_entap_results.tsv.gz	https://download.maizegdb.org/Genomes/NAM_Founders/Zm-B73-REFERENCE-NAM-5.0/Zm-B73-REFERENCE-NAM-5.0.fa.gz	https://download.maizegdb.org/Genomes/NAM_Founders/Zm-B73-REFERENCE-NAM-5.0/Zm-B73-REFERENCE-NAM-5.0_Zm00001eb.1.protein.fa.gz	https://download.maizegdb.org/Genomes/NAM_Founders/Zm-B73-REFERENCE-NAM-5.0/Zm-B73-REFERENCE-NAM-5.0_Zm00001eb.1.gff3	https://download.maizegdb.org/Genomes/NAM_Founders/Zm-B73-REFERENCE-NAM-5.0/Zm-B73-REFERENCE-NAM-5.0_Zm00001eb.1.interproscan.tsv.gz		https://download.maizegdb.org/Genomes/NAM_Founders/Zm-B73-REFERENCE-NAM-5.0/Zm-B73-REFERENCE-NAM-5.0_Zm00001eb.1_entap_results.tsv.gz	54	
NAM_Founders	Zm-B73_AB10-REFERENCE-NAM-1.0	Zea mays subsp. mays	Zea	maize	2	single	True	1.0	Zm00043a.1	642000000	COMPRESSED file size in bytes (from FTP listing) - NOT assembly base count. Do not use for runtime/array sizing; real base counts are logged per task by helixer_array.sh.	True	False	False	https://download.maizegdb.org/Genomes/NAM_Founders/Zm-B73_AB10-REFERENCE-NAM-1.0/	Zm-B73_AB10-REFERENCE-NAM-1.0.fa.gz	Zm-B73_AB10-REFERENCE-NAM-1.0_Zm00043a.1.evd.protein.fa.gz	Zm-B73_AB10-REFERENCE-NAM-1.0_Zm00043a.1.gff3.gz				https://download.maizegdb.org/Genomes/NAM_Founders/Zm-B73_AB10-REFERENCE-NAM-1.0/Zm-B73_AB10-REFERENCE-NAM-1.0.fa.gz	https://download.maizegdb.org/Genomes/NAM_Founders/Zm-B73_AB10-REFERENCE-NAM-1.0/Zm-B73_AB10-REFERENCE-NAM-1.0_Zm00043a.1.evd.protein.fa.gz	https://download.maizegdb.org/Genomes/NAM_Founders/Zm-B73_AB10-REFERENCE-NAM-1.0/Zm-B73_AB10-REFERENCE-NAM-1.0_Zm00043a.1.gff3.gz				15	B73 background carrying abnormal chr10 (Ab10); gene models flagged preliminary in README; near-duplicate of B73 v5
NAM_Founders	Zm-B97-REFERENCE-NAM-1.0	Zea mays subsp. mays	Zea	maize	2	single	True	1.0	Zm00018ab.1	628000000	COMPRESSED file size in bytes (from FTP listing) - NOT assembly base count. Do not use for runtime/array sizing; real base counts are logged per task by helixer_array.sh.	True	True	False	https://download.maizegdb.org/Genomes/NAM_Founders/Zm-B97-REFERENCE-NAM-1.0/	Zm-B97-REFERENCE-NAM-1.0.fa.gz	Zm-B97-REFERENCE-NAM-1.0_Zm00018ab.1.protein.fa.gz	Zm-B97-REFERENCE-NAM-1.0_Zm00018ab.1.gff3.gz	Zm-B97-REFERENCE-NAM-1.0_Zm00018ab.1.interproscan.tsv.gz		Zm-B97-REFERENCE-NAM-1.0_Zm00018ab.1_entap_results.tsv.gz	https://download.maizegdb.org/Genomes/NAM_Founders/Zm-B97-REFERENCE-NAM-1.0/Zm-B97-REFERENCE-NAM-1.0.fa.gz	https://download.maizegdb.org/Genomes/NAM_Founders/Zm-B97-REFERENCE-NAM-1.0/Zm-B97-REFERENCE-NAM-1.0_Zm00018ab.1.protein.fa.gz	https://download.maizegdb.org/Genomes/NAM_Founders/Zm-B97-REFERENCE-NAM-1.0/Zm-B97-REFERENCE-NAM-1.0_Zm00018ab.1.gff3.gz	https://download.maizegdb.org/Genomes/NAM_Founders/Zm-B97-REFERENCE-NAM-1.0/Zm-B97-REFERENCE-NAM-1.0_Zm00018ab.1.interproscan.tsv.gz		https://download.maizegdb.org/Genomes/NAM_Founders/Zm-B97-REFERENCE-NAM-1.0/Zm-B97-REFERENCE-NAM-1.0_Zm00018ab.1_entap_results.tsv.gz	45	
NAM_Founders	Zm-CML103-REFERENCE-NAM-1.0	Zea mays subsp. mays	Zea	maize	2	single	True	1.0	Zm00021ab.1	624000000	COMPRESSED file size in bytes (from FTP listing) - NOT assembly base count. Do not use for runtime/array sizing; real base counts are logged per task by helixer_array.sh.	True	True	False	https://download.maizegdb.org/Genomes/NAM_Founders/Zm-CML103-REFERENCE-NAM-1.0/	Zm-CML103-REFERENCE-NAM-1.0.fa.gz	Zm-CML103-REFERENCE-NAM-1.0_Zm00021ab.1.protein.fa.gz	Zm-CML103-REFERENCE-NAM-1.0_Zm00021ab.1.gff3.gz	Zm-CML103-REFERENCE-NAM-1.0_Zm00021ab.1.interproscan.tsv.gz		Zm-CML103-REFERENCE-NAM-1.0_Zm00021ab.1_entap_results.tsv.gz	https://download.maizegdb.org/Genomes/NAM_Founders/Zm-CML103-REFERENCE-NAM-1.0/Zm-CML103-REFERENCE-NAM-1.0.fa.gz	https://download.maizegdb.org/Genomes/NAM_Founders/Zm-CML103-REFERENCE-NAM-1.0/Zm-CML103-REFERENCE-NAM-1.0_Zm00021ab.1.protein.fa.gz	https://download.maizegdb.org/Genomes/NAM_Founders/Zm-CML103-REFERENCE-NAM-1.0/Zm-CML103-REFERENCE-NAM-1.0_Zm00021ab.1.gff3.gz	https://download.maizegdb.org/Genomes/NAM_Founders/Zm-CML103-REFERENCE-NAM-1.0/Zm-CML103-REFERENCE-NAM-1.0_Zm00021ab.1.interproscan.tsv.gz		https://download.maizegdb.org/Genomes/NAM_Founders/Zm-CML103-REFERENCE-NAM-1.0/Zm-CML103-REFERENCE-NAM-1.0_Zm00021ab.1_entap_results.tsv.gz	45	
NAM_Founders	Zm-CML228-REFERENCE-NAM-1.0	Zea mays subsp. mays	Zea	maize	2	single	True	1.0	Zm00022ab.1	656000000	COMPRESSED file size in bytes (from FTP listing) - NOT assembly base count. Do not use for runtime/array sizing; real base counts are logged per task by helixer_array.sh.	True	True	False	https://download.maizegdb.org/Genomes/NAM_Founders/Zm-CML228-REFERENCE-NAM-1.0/	Zm-CML228-REFERENCE-NAM-1.0.fa.gz	Zm-CML228-REFERENCE-NAM-1.0_Zm00022ab.1.protein.fa.gz	Zm-CML228-REFERENCE-NAM-1.0_Zm00022ab.1.gff3.gz	Zm-CML228-REFERENCE-NAM-1.0_Zm00022ab.1.interproscan.tsv.gz		Zm-CML228-REFERENCE-NAM-1.0_Zm00022ab.1_entap_results.tsv.gz	https://download.maizegdb.org/Genomes/NAM_Founders/Zm-CML228-REFERENCE-NAM-1.0/Zm-CML228-REFERENCE-NAM-1.0.fa.gz	https://download.maizegdb.org/Genomes/NAM_Founders/Zm-CML228-REFERENCE-NAM-1.0/Zm-CML228-REFERENCE-NAM-1.0_Zm00022ab.1.protein.fa.gz	https://download.maizegdb.org/Genomes/NAM_Founders/Zm-CML228-REFERENCE-NAM-1.0/Zm-CML228-REFERENCE-NAM-1.0_Zm00022ab.1.gff3.gz	https://download.maizegdb.org/Genomes/NAM_Founders/Zm-CML228-REFERENCE-NAM-1.0/Zm-CML228-REFERENCE-NAM-1.0_Zm00022ab.1.interproscan.tsv.gz		https://download.maizegdb.org/Genomes/NAM_Founders/Zm-CML228-REFERENCE-NAM-1.0/Zm-CML228-REFERENCE-NAM-1.0_Zm00022ab.1_entap_results.tsv.gz	45	
NAM_Founders	Zm-CML247-REFERENCE-NAM-1.0	Zea mays subsp. mays	Zea	maize	2	single	True	1.0	Zm00023ab.1	636000000	COMPRESSED file size in bytes (from FTP listing) - NOT assembly base count. Do not use for runtime/array sizing; real base counts are logged per task by helixer_array.sh.	True	True	False	https://download.maizegdb.org/Genomes/NAM_Founders/Zm-CML247-REFERENCE-NAM-1.0/	Zm-CML247-REFERENCE-NAM-1.0.fa.gz	Zm-CML247-REFERENCE-NAM-1.0_Zm00023ab.1.protein.fa.gz	Zm-CML247-REFERENCE-NAM-1.0_Zm00023ab.1.gff3.gz	Zm-CML247-REFERENCE-NAM-1.0_Zm00023ab.1.interproscan.tsv.gz		Zm-CML247-REFERENCE-NAM-1.0_Zm00023ab.1_entap_results.tsv.gz	https://download.maizegdb.org/Genomes/NAM_Founders/Zm-CML247-REFERENCE-NAM-1.0/Zm-CML247-REFERENCE-NAM-1.0.fa.gz	https://download.maizegdb.org/Genomes/NAM_Founders/Zm-CML247-REFERENCE-NAM-1.0/Zm-CML247-REFERENCE-NAM-1.0_Zm00023ab.1.protein.fa.gz	https://download.maizegdb.org/Genomes/NAM_Founders/Zm-CML247-REFERENCE-NAM-1.0/Zm-CML247-REFERENCE-NAM-1.0_Zm00023ab.1.gff3.gz	https://download.maizegdb.org/Genomes/NAM_Founders/Zm-CML247-REFERENCE-NAM-1.0/Zm-CML247-REFERENCE-NAM-1.0_Zm00023ab.1.interproscan.tsv.gz		https://download.maizegdb.org/Genomes/NAM_Founders/Zm-CML247-REFERENCE-NAM-1.0/Zm-CML247-REFERENCE-NAM-1.0_Zm00023ab.1_entap_results.tsv.gz	37	
NAM_Founders	Zm-CML277-REFERENCE-NAM-1.0	Zea mays subsp. mays	Zea	maize	2	single	True	1.0	Zm00024ab.1	631000000	COMPRESSED file size in bytes (from FTP listing) - NOT assembly base count. Do not use for runtime/array sizing; real base counts are logged per task by helixer_array.sh.	True	True	False	https://download.maizegdb.org/Genomes/NAM_Founders/Zm-CML277-REFERENCE-NAM-1.0/	Zm-CML277-REFERENCE-NAM-1.0.fa.gz	Zm-CML277-REFERENCE-NAM-1.0_Zm00024ab.1.protein.fa.gz	Zm-CML277-REFERENCE-NAM-1.0_Zm00024ab.1.gff3.gz	Zm-CML277-REFERENCE-NAM-1.0_Zm00024ab.1.interproscan.tsv.gz		Zm-CML277-REFERENCE-NAM-1.0_Zm00024ab.1_entap_results.tsv.gz	https://download.maizegdb.org/Genomes/NAM_Founders/Zm-CML277-REFERENCE-NAM-1.0/Zm-CML277-REFERENCE-NAM-1.0.fa.gz	https://download.maizegdb.org/Genomes/NAM_Founders/Zm-CML277-REFERENCE-NAM-1.0/Zm-CML277-REFERENCE-NAM-1.0_Zm00024ab.1.protein.fa.gz	https://download.maizegdb.org/Genomes/NAM_Founders/Zm-CML277-REFERENCE-NAM-1.0/Zm-CML277-REFERENCE-NAM-1.0_Zm00024ab.1.gff3.gz	https://download.maizegdb.org/Genomes/NAM_Founders/Zm-CML277-REFERENCE-NAM-1.0/Zm-CML277-REFERENCE-NAM-1.0_Zm00024ab.1.interproscan.tsv.gz		https://download.maizegdb.org/Genomes/NAM_Founders/Zm-CML277-REFERENCE-NAM-1.0/Zm-CML277-REFERENCE-NAM-1.0_Zm00024ab.1_entap_results.tsv.gz	37	
NAM_Founders	Zm-CML322-REFERENCE-NAM-1.0	Zea mays subsp. mays	Zea	maize	2	single	True	1.0	Zm00025ab.1	634000000	COMPRESSED file size in bytes (from FTP listing) - NOT assembly base count. Do not use for runtime/array sizing; real base counts are logged per task by helixer_array.sh.	True	True	False	https://download.maizegdb.org/Genomes/NAM_Founders/Zm-CML322-REFERENCE-NAM-1.0/	Zm-CML322-REFERENCE-NAM-1.0.fa.gz	Zm-CML322-REFERENCE-NAM-1.0_Zm00025ab.1.protein.fa.gz	Zm-CML322-REFERENCE-NAM-1.0_Zm00025ab.1.gff3.gz	Zm-CML322-REFERENCE-NAM-1.0_Zm00025ab.1.interproscan.tsv.gz		Zm-CML322-REFERENCE-NAM-1.0_Zm00025ab.1_entap_results.tsv.gz	https://download.maizegdb.org/Genomes/NAM_Founders/Zm-CML322-REFERENCE-NAM-1.0/Zm-CML322-REFERENCE-NAM-1.0.fa.gz	https://download.maizegdb.org/Genomes/NAM_Founders/Zm-CML322-REFERENCE-NAM-1.0/Zm-CML322-REFERENCE-NAM-1.0_Zm00025ab.1.protein.fa.gz	https://download.maizegdb.org/Genomes/NAM_Founders/Zm-CML322-REFERENCE-NAM-1.0/Zm-CML322-REFERENCE-NAM-1.0_Zm00025ab.1.gff3.gz	https://download.maizegdb.org/Genomes/NAM_Founders/Zm-CML322-REFERENCE-NAM-1.0/Zm-CML322-REFERENCE-NAM-1.0_Zm00025ab.1.interproscan.tsv.gz		https://download.maizegdb.org/Genomes/NAM_Founders/Zm-CML322-REFERENCE-NAM-1.0/Zm-CML322-REFERENCE-NAM-1.0_Zm00025ab.1_entap_results.tsv.gz	45	
NAM_Founders	Zm-CML333-REFERENCE-NAM-1.0	Zea mays subsp. mays	Zea	maize	2	single	True	1.0	Zm00026ab.1	638000000	COMPRESSED file size in bytes (from FTP listing) - NOT assembly base count. Do not use for runtime/array sizing; real base counts are logged per task by helixer_array.sh.	True	True	False	https://download.maizegdb.org/Genomes/NAM_Founders/Zm-CML333-REFERENCE-NAM-1.0/	Zm-CML333-REFERENCE-NAM-1.0.fa.gz	Zm-CML333-REFERENCE-NAM-1.0_Zm00026ab.1.protein.fa.gz	Zm-CML333-REFERENCE-NAM-1.0_Zm00026ab.1.gff3.gz	Zm-CML333-REFERENCE-NAM-1.0_Zm00026ab.1.interproscan.tsv.gz		Zm-CML333-REFERENCE-NAM-1.0_Zm00026ab.1_entap_results.tsv.gz	https://download.maizegdb.org/Genomes/NAM_Founders/Zm-CML333-REFERENCE-NAM-1.0/Zm-CML333-REFERENCE-NAM-1.0.fa.gz	https://download.maizegdb.org/Genomes/NAM_Founders/Zm-CML333-REFERENCE-NAM-1.0/Zm-CML333-REFERENCE-NAM-1.0_Zm00026ab.1.protein.fa.gz	https://download.maizegdb.org/Genomes/NAM_Founders/Zm-CML333-REFERENCE-NAM-1.0/Zm-CML333-REFERENCE-NAM-1.0_Zm00026ab.1.gff3.gz	https://download.maizegdb.org/Genomes/NAM_Founders/Zm-CML333-REFERENCE-NAM-1.0/Zm-CML333-REFERENCE-NAM-1.0_Zm00026ab.1.interproscan.tsv.gz		https://download.maizegdb.org/Genomes/NAM_Founders/Zm-CML333-REFERENCE-NAM-1.0/Zm-CML333-REFERENCE-NAM-1.0_Zm00026ab.1_entap_results.tsv.gz	45	
NAM_Founders	Zm-CML52-REFERENCE-NAM-1.0	Zea mays subsp. mays	Zea	maize	2	single	True	1.0	Zm00019ab.1	660000000	COMPRESSED file size in bytes (from FTP listing) - NOT assembly base count. Do not use for runtime/array sizing; real base counts are logged per task by helixer_array.sh.	True	True	False	https://download.maizegdb.org/Genomes/NAM_Founders/Zm-CML52-REFERENCE-NAM-1.0/	Zm-CML52-REFERENCE-NAM-1.0.fa.gz	Zm-CML52-REFERENCE-NAM-1.0_Zm00019ab.1.protein.fa.gz	Zm-CML52-REFERENCE-NAM-1.0_Zm00019ab.1.gff3.gz	Zm-CML52-REFERENCE-NAM-1.0_Zm00019ab.1.interproscan.tsv.gz		Zm-CML52-REFERENCE-NAM-1.0_Zm00019ab.1_entap_results.tsv.gz	https://download.maizegdb.org/Genomes/NAM_Founders/Zm-CML52-REFERENCE-NAM-1.0/Zm-CML52-REFERENCE-NAM-1.0.fa.gz	https://download.maizegdb.org/Genomes/NAM_Founders/Zm-CML52-REFERENCE-NAM-1.0/Zm-CML52-REFERENCE-NAM-1.0_Zm00019ab.1.protein.fa.gz	https://download.maizegdb.org/Genomes/NAM_Founders/Zm-CML52-REFERENCE-NAM-1.0/Zm-CML52-REFERENCE-NAM-1.0_Zm00019ab.1.gff3.gz	https://download.maizegdb.org/Genomes/NAM_Founders/Zm-CML52-REFERENCE-NAM-1.0/Zm-CML52-REFERENCE-NAM-1.0_Zm00019ab.1.interproscan.tsv.gz		https://download.maizegdb.org/Genomes/NAM_Founders/Zm-CML52-REFERENCE-NAM-1.0/Zm-CML52-REFERENCE-NAM-1.0_Zm00019ab.1_entap_results.tsv.gz	46	
NAM_Founders	Zm-CML69-REFERENCE-NAM-1.0	Zea mays subsp. mays	Zea	maize	2	single	True	1.0	Zm00020ab.1	637000000	COMPRESSED file size in bytes (from FTP listing) - NOT assembly base count. Do not use for runtime/array sizing; real base counts are logged per task by helixer_array.sh.	True	True	False	https://download.maizegdb.org/Genomes/NAM_Founders/Zm-CML69-REFERENCE-NAM-1.0/	Zm-CML69-REFERENCE-NAM-1.0.fa.gz	Zm-CML69-REFERENCE-NAM-1.0_Zm00020ab.1.protein.fa.gz	Zm-CML69-REFERENCE-NAM-1.0_Zm00020ab.1.gff3.gz	Zm-CML69-REFERENCE-NAM-1.0_Zm00020ab.1.interproscan.tsv.gz		Zm-CML69-REFERENCE-NAM-1.0_Zm00020ab.1_entap_results.tsv.gz	https://download.maizegdb.org/Genomes/NAM_Founders/Zm-CML69-REFERENCE-NAM-1.0/Zm-CML69-REFERENCE-NAM-1.0.fa.gz	https://download.maizegdb.org/Genomes/NAM_Founders/Zm-CML69-REFERENCE-NAM-1.0/Zm-CML69-REFERENCE-NAM-1.0_Zm00020ab.1.protein.fa.gz	https://download.maizegdb.org/Genomes/NAM_Founders/Zm-CML69-REFERENCE-NAM-1.0/Zm-CML69-REFERENCE-NAM-1.0_Zm00020ab.1.gff3.gz	https://download.maizegdb.org/Genomes/NAM_Founders/Zm-CML69-REFERENCE-NAM-1.0/Zm-CML69-REFERENCE-NAM-1.0_Zm00020ab.1.interproscan.tsv.gz		https://download.maizegdb.org/Genomes/NAM_Founders/Zm-CML69-REFERENCE-NAM-1.0/Zm-CML69-REFERENCE-NAM-1.0_Zm00020ab.1_entap_results.tsv.gz	45	
NAM_Founders	Zm-HP301-REFERENCE-NAM-1.0	Zea mays subsp. mays	Zea	maize	2	single	True	1.0	Zm00027ab.1	619000000	COMPRESSED file size in bytes (from FTP listing) - NOT assembly base count. Do not use for runtime/array sizing; real base counts are logged per task by helixer_array.sh.	True	True	False	https://download.maizegdb.org/Genomes/NAM_Founders/Zm-HP301-REFERENCE-NAM-1.0/	Zm-HP301-REFERENCE-NAM-1.0.fa.gz	Zm-HP301-REFERENCE-NAM-1.0_Zm00027ab.1.protein.fa.gz	Zm-HP301-REFERENCE-NAM-1.0_Zm00027ab.1.gff3.gz	Zm-HP301-REFERENCE-NAM-1.0_Zm00027ab.1.interproscan.tsv.gz		Zm-HP301-REFERENCE-NAM-1.0_Zm00027ab.1_entap_results.tsv.gz	https://download.maizegdb.org/Genomes/NAM_Founders/Zm-HP301-REFERENCE-NAM-1.0/Zm-HP301-REFERENCE-NAM-1.0.fa.gz	https://download.maizegdb.org/Genomes/NAM_Founders/Zm-HP301-REFERENCE-NAM-1.0/Zm-HP301-REFERENCE-NAM-1.0_Zm00027ab.1.protein.fa.gz	https://download.maizegdb.org/Genomes/NAM_Founders/Zm-HP301-REFERENCE-NAM-1.0/Zm-HP301-REFERENCE-NAM-1.0_Zm00027ab.1.gff3.gz	https://download.maizegdb.org/Genomes/NAM_Founders/Zm-HP301-REFERENCE-NAM-1.0/Zm-HP301-REFERENCE-NAM-1.0_Zm00027ab.1.interproscan.tsv.gz		https://download.maizegdb.org/Genomes/NAM_Founders/Zm-HP301-REFERENCE-NAM-1.0/Zm-HP301-REFERENCE-NAM-1.0_Zm00027ab.1_entap_results.tsv.gz	45	
NAM_Founders	Zm-Il14H-REFERENCE-NAM-1.0	Zea mays subsp. mays	Zea	maize	2	single	True	1.0	Zm00028ab.1	616000000	COMPRESSED file size in bytes (from FTP listing) - NOT assembly base count. Do not use for runtime/array sizing; real base counts are logged per task by helixer_array.sh.	True	True	False	https://download.maizegdb.org/Genomes/NAM_Founders/Zm-Il14H-REFERENCE-NAM-1.0/	Zm-Il14H-REFERENCE-NAM-1.0.fa.gz	Zm-Il14H-REFERENCE-NAM-1.0_Zm00028ab.1.protein.fa.gz	Zm-Il14H-REFERENCE-NAM-1.0_Zm00028ab.1.gff3.gz	Zm-Il14H-REFERENCE-NAM-1.0_Zm00028ab.1.interproscan.tsv.gz		Zm-Il14H-REFERENCE-NAM-1.0_Zm00028ab.1_entap_results.tsv.gz	https://download.maizegdb.org/Genomes/NAM_Founders/Zm-Il14H-REFERENCE-NAM-1.0/Zm-Il14H-REFERENCE-NAM-1.0.fa.gz	https://download.maizegdb.org/Genomes/NAM_Founders/Zm-Il14H-REFERENCE-NAM-1.0/Zm-Il14H-REFERENCE-NAM-1.0_Zm00028ab.1.protein.fa.gz	https://download.maizegdb.org/Genomes/NAM_Founders/Zm-Il14H-REFERENCE-NAM-1.0/Zm-Il14H-REFERENCE-NAM-1.0_Zm00028ab.1.gff3.gz	https://download.maizegdb.org/Genomes/NAM_Founders/Zm-Il14H-REFERENCE-NAM-1.0/Zm-Il14H-REFERENCE-NAM-1.0_Zm00028ab.1.interproscan.tsv.gz		https://download.maizegdb.org/Genomes/NAM_Founders/Zm-Il14H-REFERENCE-NAM-1.0/Zm-Il14H-REFERENCE-NAM-1.0_Zm00028ab.1_entap_results.tsv.gz	43	
NAM_Founders	Zm-Ki11-REFERENCE-NAM-1.0	Zea mays subsp. mays	Zea	maize	2	single	True	1.0	Zm00030ab.1	644000000	COMPRESSED file size in bytes (from FTP listing) - NOT assembly base count. Do not use for runtime/array sizing; real base counts are logged per task by helixer_array.sh.	True	True	False	https://download.maizegdb.org/Genomes/NAM_Founders/Zm-Ki11-REFERENCE-NAM-1.0/	Zm-Ki11-REFERENCE-NAM-1.0.fa.gz	Zm-Ki11-REFERENCE-NAM-1.0_Zm00030ab.1.protein.fa.gz	Zm-Ki11-REFERENCE-NAM-1.0_Zm00030ab.1.gff3.gz	Zm-Ki11-REFERENCE-NAM-1.0_Zm00030ab.1.interproscan.tsv.gz		Zm-Ki11-REFERENCE-NAM-1.0_Zm00030ab.1_entap_results.tsv.gz	https://download.maizegdb.org/Genomes/NAM_Founders/Zm-Ki11-REFERENCE-NAM-1.0/Zm-Ki11-REFERENCE-NAM-1.0.fa.gz	https://download.maizegdb.org/Genomes/NAM_Founders/Zm-Ki11-REFERENCE-NAM-1.0/Zm-Ki11-REFERENCE-NAM-1.0_Zm00030ab.1.protein.fa.gz	https://download.maizegdb.org/Genomes/NAM_Founders/Zm-Ki11-REFERENCE-NAM-1.0/Zm-Ki11-REFERENCE-NAM-1.0_Zm00030ab.1.gff3.gz	https://download.maizegdb.org/Genomes/NAM_Founders/Zm-Ki11-REFERENCE-NAM-1.0/Zm-Ki11-REFERENCE-NAM-1.0_Zm00030ab.1.interproscan.tsv.gz		https://download.maizegdb.org/Genomes/NAM_Founders/Zm-Ki11-REFERENCE-NAM-1.0/Zm-Ki11-REFERENCE-NAM-1.0_Zm00030ab.1_entap_results.tsv.gz	46	
NAM_Founders	Zm-Ki3-REFERENCE-NAM-1.0	Zea mays subsp. mays	Zea	maize	2	single	True	1.0	Zm00029ab.1	635000000	COMPRESSED file size in bytes (from FTP listing) - NOT assembly base count. Do not use for runtime/array sizing; real base counts are logged per task by helixer_array.sh.	True	True	False	https://download.maizegdb.org/Genomes/NAM_Founders/Zm-Ki3-REFERENCE-NAM-1.0/	Zm-Ki3-REFERENCE-NAM-1.0.fa.gz	Zm-Ki3-REFERENCE-NAM-1.0_Zm00029ab.1.protein.fa.gz	Zm-Ki3-REFERENCE-NAM-1.0_Zm00029ab.1.gff3.gz	Zm-Ki3-REFERENCE-NAM-1.0_Zm00029ab.1.interproscan.tsv.gz		Zm-Ki3-REFERENCE-NAM-1.0_Zm00029ab.1_entap_results.tsv.gz	https://download.maizegdb.org/Genomes/NAM_Founders/Zm-Ki3-REFERENCE-NAM-1.0/Zm-Ki3-REFERENCE-NAM-1.0.fa.gz	https://download.maizegdb.org/Genomes/NAM_Founders/Zm-Ki3-REFERENCE-NAM-1.0/Zm-Ki3-REFERENCE-NAM-1.0_Zm00029ab.1.protein.fa.gz	https://download.maizegdb.org/Genomes/NAM_Founders/Zm-Ki3-REFERENCE-NAM-1.0/Zm-Ki3-REFERENCE-NAM-1.0_Zm00029ab.1.gff3.gz	https://download.maizegdb.org/Genomes/NAM_Founders/Zm-Ki3-REFERENCE-NAM-1.0/Zm-Ki3-REFERENCE-NAM-1.0_Zm00029ab.1.interproscan.tsv.gz		https://download.maizegdb.org/Genomes/NAM_Founders/Zm-Ki3-REFERENCE-NAM-1.0/Zm-Ki3-REFERENCE-NAM-1.0_Zm00029ab.1_entap_results.tsv.gz	45	
NAM_Founders	Zm-Ky21-REFERENCE-NAM-1.0	Zea mays subsp. mays	Zea	maize	2	single	True	1.0	Zm00031ab.1	626000000	COMPRESSED file size in bytes (from FTP listing) - NOT assembly base count. Do not use for runtime/array sizing; real base counts are logged per task by helixer_array.sh.	True	True	False	https://download.maizegdb.org/Genomes/NAM_Founders/Zm-Ky21-REFERENCE-NAM-1.0/	Zm-Ky21-REFERENCE-NAM-1.0.fa.gz	Zm-Ky21-REFERENCE-NAM-1.0_Zm00031ab.1.protein.fa.gz	Zm-Ky21-REFERENCE-NAM-1.0_Zm00031ab.1.gff3.gz	Zm-Ky21-REFERENCE-NAM-1.0_Zm00031ab.1.interproscan.tsv.gz		Zm-Ky21-REFERENCE-NAM-1.0_Zm00031ab.1_entap_results.tsv.gz	https://download.maizegdb.org/Genomes/NAM_Founders/Zm-Ky21-REFERENCE-NAM-1.0/Zm-Ky21-REFERENCE-NAM-1.0.fa.gz	https://download.maizegdb.org/Genomes/NAM_Founders/Zm-Ky21-REFERENCE-NAM-1.0/Zm-Ky21-REFERENCE-NAM-1.0_Zm00031ab.1.protein.fa.gz	https://download.maizegdb.org/Genomes/NAM_Founders/Zm-Ky21-REFERENCE-NAM-1.0/Zm-Ky21-REFERENCE-NAM-1.0_Zm00031ab.1.gff3.gz	https://download.maizegdb.org/Genomes/NAM_Founders/Zm-Ky21-REFERENCE-NAM-1.0/Zm-Ky21-REFERENCE-NAM-1.0_Zm00031ab.1.interproscan.tsv.gz		https://download.maizegdb.org/Genomes/NAM_Founders/Zm-Ky21-REFERENCE-NAM-1.0/Zm-Ky21-REFERENCE-NAM-1.0_Zm00031ab.1_entap_results.tsv.gz	45	
NAM_Founders	Zm-M162W-REFERENCE-NAM-1.0	Zea mays subsp. mays	Zea	maize	2	single	True	1.0	Zm00033ab.1	628000000	COMPRESSED file size in bytes (from FTP listing) - NOT assembly base count. Do not use for runtime/array sizing; real base counts are logged per task by helixer_array.sh.	True	True	False	https://download.maizegdb.org/Genomes/NAM_Founders/Zm-M162W-REFERENCE-NAM-1.0/	Zm-M162W-REFERENCE-NAM-1.0.fa.gz	Zm-M162W-REFERENCE-NAM-1.0_Zm00033ab.1.protein.fa.gz	Zm-M162W-REFERENCE-NAM-1.0_Zm00033ab.1.gff3.gz	Zm-M162W-REFERENCE-NAM-1.0_Zm00033ab.1.interproscan.tsv.gz		Zm-M162W-REFERENCE-NAM-1.0_Zm00033ab.1_entap_results.tsv.gz	https://download.maizegdb.org/Genomes/NAM_Founders/Zm-M162W-REFERENCE-NAM-1.0/Zm-M162W-REFERENCE-NAM-1.0.fa.gz	https://download.maizegdb.org/Genomes/NAM_Founders/Zm-M162W-REFERENCE-NAM-1.0/Zm-M162W-REFERENCE-NAM-1.0_Zm00033ab.1.protein.fa.gz	https://download.maizegdb.org/Genomes/NAM_Founders/Zm-M162W-REFERENCE-NAM-1.0/Zm-M162W-REFERENCE-NAM-1.0_Zm00033ab.1.gff3.gz	https://download.maizegdb.org/Genomes/NAM_Founders/Zm-M162W-REFERENCE-NAM-1.0/Zm-M162W-REFERENCE-NAM-1.0_Zm00033ab.1.interproscan.tsv.gz		https://download.maizegdb.org/Genomes/NAM_Founders/Zm-M162W-REFERENCE-NAM-1.0/Zm-M162W-REFERENCE-NAM-1.0_Zm00033ab.1_entap_results.tsv.gz	46	
NAM_Founders	Zm-M37W-REFERENCE-NAM-1.0	Zea mays subsp. mays	Zea	maize	2	single	True	1.0	Zm00032ab.1	631000000	COMPRESSED file size in bytes (from FTP listing) - NOT assembly base count. Do not use for runtime/array sizing; real base counts are logged per task by helixer_array.sh.	True	True	False	https://download.maizegdb.org/Genomes/NAM_Founders/Zm-M37W-REFERENCE-NAM-1.0/	Zm-M37W-REFERENCE-NAM-1.0.fa.gz	Zm-M37W-REFERENCE-NAM-1.0_Zm00032ab.1.protein.fa.gz	Zm-M37W-REFERENCE-NAM-1.0_Zm00032ab.1.gff3.gz	Zm-M37W-REFERENCE-NAM-1.0_Zm00032ab.1.interproscan.tsv.gz		Zm-M37W-REFERENCE-NAM-1.0_Zm00032ab.1_entap_results.tsv.gz	https://download.maizegdb.org/Genomes/NAM_Founders/Zm-M37W-REFERENCE-NAM-1.0/Zm-M37W-REFERENCE-NAM-1.0.fa.gz	https://download.maizegdb.org/Genomes/NAM_Founders/Zm-M37W-REFERENCE-NAM-1.0/Zm-M37W-REFERENCE-NAM-1.0_Zm00032ab.1.protein.fa.gz	https://download.maizegdb.org/Genomes/NAM_Founders/Zm-M37W-REFERENCE-NAM-1.0/Zm-M37W-REFERENCE-NAM-1.0_Zm00032ab.1.gff3.gz	https://download.maizegdb.org/Genomes/NAM_Founders/Zm-M37W-REFERENCE-NAM-1.0/Zm-M37W-REFERENCE-NAM-1.0_Zm00032ab.1.interproscan.tsv.gz		https://download.maizegdb.org/Genomes/NAM_Founders/Zm-M37W-REFERENCE-NAM-1.0/Zm-M37W-REFERENCE-NAM-1.0_Zm00032ab.1_entap_results.tsv.gz	45	
NAM_Founders	Zm-Mo18W-REFERENCE-NAM-1.0	Zea mays subsp. mays	Zea	maize	2	single	True	1.0	Zm00034ab.1	634000000	COMPRESSED file size in bytes (from FTP listing) - NOT assembly base count. Do not use for runtime/array sizing; real base counts are logged per task by helixer_array.sh.	True	True	False	https://download.maizegdb.org/Genomes/NAM_Founders/Zm-Mo18W-REFERENCE-NAM-1.0/	Zm-Mo18W-REFERENCE-NAM-1.0.fa.gz	Zm-Mo18W-REFERENCE-NAM-1.0_Zm00034ab.1.protein.fa.gz	Zm-Mo18W-REFERENCE-NAM-1.0_Zm00034ab.1.gff3.gz	Zm-Mo18W-REFERENCE-NAM-1.0_Zm00034ab.1.interproscan.tsv.gz		Zm-Mo18W-REFERENCE-NAM-1.0_Zm00034ab.1_entap_results.tsv.gz	https://download.maizegdb.org/Genomes/NAM_Founders/Zm-Mo18W-REFERENCE-NAM-1.0/Zm-Mo18W-REFERENCE-NAM-1.0.fa.gz	https://download.maizegdb.org/Genomes/NAM_Founders/Zm-Mo18W-REFERENCE-NAM-1.0/Zm-Mo18W-REFERENCE-NAM-1.0_Zm00034ab.1.protein.fa.gz	https://download.maizegdb.org/Genomes/NAM_Founders/Zm-Mo18W-REFERENCE-NAM-1.0/Zm-Mo18W-REFERENCE-NAM-1.0_Zm00034ab.1.gff3.gz	https://download.maizegdb.org/Genomes/NAM_Founders/Zm-Mo18W-REFERENCE-NAM-1.0/Zm-Mo18W-REFERENCE-NAM-1.0_Zm00034ab.1.interproscan.tsv.gz		https://download.maizegdb.org/Genomes/NAM_Founders/Zm-Mo18W-REFERENCE-NAM-1.0/Zm-Mo18W-REFERENCE-NAM-1.0_Zm00034ab.1_entap_results.tsv.gz	43	
NAM_Founders	Zm-Ms71-REFERENCE-NAM-1.0	Zea mays subsp. mays	Zea	maize	2	single	True	1.0	Zm00035ab.1	635000000	COMPRESSED file size in bytes (from FTP listing) - NOT assembly base count. Do not use for runtime/array sizing; real base counts are logged per task by helixer_array.sh.	True	True	False	https://download.maizegdb.org/Genomes/NAM_Founders/Zm-Ms71-REFERENCE-NAM-1.0/	Zm-Ms71-REFERENCE-NAM-1.0.fa.gz	Zm-Ms71-REFERENCE-NAM-1.0_Zm00035ab.1.protein.fa.gz	Zm-Ms71-REFERENCE-NAM-1.0_Zm00035ab.1.gff3.gz	Zm-Ms71-REFERENCE-NAM-1.0_Zm00035ab.1.interproscan.tsv.gz		Zm-Ms71-REFERENCE-NAM-1.0_Zm00035ab.1_entap_results.tsv.gz	https://download.maizegdb.org/Genomes/NAM_Founders/Zm-Ms71-REFERENCE-NAM-1.0/Zm-Ms71-REFERENCE-NAM-1.0.fa.gz	https://download.maizegdb.org/Genomes/NAM_Founders/Zm-Ms71-REFERENCE-NAM-1.0/Zm-Ms71-REFERENCE-NAM-1.0_Zm00035ab.1.protein.fa.gz	https://download.maizegdb.org/Genomes/NAM_Founders/Zm-Ms71-REFERENCE-NAM-1.0/Zm-Ms71-REFERENCE-NAM-1.0_Zm00035ab.1.gff3.gz	https://download.maizegdb.org/Genomes/NAM_Founders/Zm-Ms71-REFERENCE-NAM-1.0/Zm-Ms71-REFERENCE-NAM-1.0_Zm00035ab.1.interproscan.tsv.gz		https://download.maizegdb.org/Genomes/NAM_Founders/Zm-Ms71-REFERENCE-NAM-1.0/Zm-Ms71-REFERENCE-NAM-1.0_Zm00035ab.1_entap_results.tsv.gz	45	
NAM_Founders	Zm-NC350-REFERENCE-NAM-1.0	Zea mays subsp. mays	Zea	maize	2	single	True	1.0	Zm00036ab.1	648000000	COMPRESSED file size in bytes (from FTP listing) - NOT assembly base count. Do not use for runtime/array sizing; real base counts are logged per task by helixer_array.sh.	True	True	False	https://download.maizegdb.org/Genomes/NAM_Founders/Zm-NC350-REFERENCE-NAM-1.0/	Zm-NC350-REFERENCE-NAM-1.0.fa.gz	Zm-NC350-REFERENCE-NAM-1.0_Zm00036ab.1.protein.fa.gz	Zm-NC350-REFERENCE-NAM-1.0_Zm00036ab.1.gff3.gz	Zm-NC350-REFERENCE-NAM-1.0_Zm00036ab.1.interproscan.tsv.gz		Zm-NC350-REFERENCE-NAM-1.0_Zm00036ab.1_entap_results.tsv.gz	https://download.maizegdb.org/Genomes/NAM_Founders/Zm-NC350-REFERENCE-NAM-1.0/Zm-NC350-REFERENCE-NAM-1.0.fa.gz	https://download.maizegdb.org/Genomes/NAM_Founders/Zm-NC350-REFERENCE-NAM-1.0/Zm-NC350-REFERENCE-NAM-1.0_Zm00036ab.1.protein.fa.gz	https://download.maizegdb.org/Genomes/NAM_Founders/Zm-NC350-REFERENCE-NAM-1.0/Zm-NC350-REFERENCE-NAM-1.0_Zm00036ab.1.gff3.gz	https://download.maizegdb.org/Genomes/NAM_Founders/Zm-NC350-REFERENCE-NAM-1.0/Zm-NC350-REFERENCE-NAM-1.0_Zm00036ab.1.interproscan.tsv.gz		https://download.maizegdb.org/Genomes/NAM_Founders/Zm-NC350-REFERENCE-NAM-1.0/Zm-NC350-REFERENCE-NAM-1.0_Zm00036ab.1_entap_results.tsv.gz	47	
NAM_Founders	Zm-NC358-REFERENCE-NAM-1.0	Zea mays subsp. mays	Zea	maize	2	single	True	1.0	Zm00037ab.1	637000000	COMPRESSED file size in bytes (from FTP listing) - NOT assembly base count. Do not use for runtime/array sizing; real base counts are logged per task by helixer_array.sh.	True	True	False	https://download.maizegdb.org/Genomes/NAM_Founders/Zm-NC358-REFERENCE-NAM-1.0/	Zm-NC358-REFERENCE-NAM-1.0.fa.gz	Zm-NC358-REFERENCE-NAM-1.0_Zm00037ab.1.protein.fa.gz	Zm-NC358-REFERENCE-NAM-1.0_Zm00037ab.1.gff3.gz	Zm-NC358-REFERENCE-NAM-1.0_Zm00037ab.1.interproscan.tsv.gz		Zm-NC358-REFERENCE-NAM-1.0_Zm00037ab.1_entap_results.tsv.gz	https://download.maizegdb.org/Genomes/NAM_Founders/Zm-NC358-REFERENCE-NAM-1.0/Zm-NC358-REFERENCE-NAM-1.0.fa.gz	https://download.maizegdb.org/Genomes/NAM_Founders/Zm-NC358-REFERENCE-NAM-1.0/Zm-NC358-REFERENCE-NAM-1.0_Zm00037ab.1.protein.fa.gz	https://download.maizegdb.org/Genomes/NAM_Founders/Zm-NC358-REFERENCE-NAM-1.0/Zm-NC358-REFERENCE-NAM-1.0_Zm00037ab.1.gff3.gz	https://download.maizegdb.org/Genomes/NAM_Founders/Zm-NC358-REFERENCE-NAM-1.0/Zm-NC358-REFERENCE-NAM-1.0_Zm00037ab.1.interproscan.tsv.gz		https://download.maizegdb.org/Genomes/NAM_Founders/Zm-NC358-REFERENCE-NAM-1.0/Zm-NC358-REFERENCE-NAM-1.0_Zm00037ab.1_entap_results.tsv.gz	45	
NAM_Founders	Zm-Oh43-REFERENCE-NAM-1.0	Zea mays subsp. mays	Zea	maize	2	single	True	1.0	Zm00039ab.1	627000000	COMPRESSED file size in bytes (from FTP listing) - NOT assembly base count. Do not use for runtime/array sizing; real base counts are logged per task by helixer_array.sh.	True	True	False	https://download.maizegdb.org/Genomes/NAM_Founders/Zm-Oh43-REFERENCE-NAM-1.0/	Zm-Oh43-REFERENCE-NAM-1.0.fa.gz	Zm-Oh43-REFERENCE-NAM-1.0_Zm00039ab.1.protein.fa.gz	Zm-Oh43-REFERENCE-NAM-1.0_Zm00039ab.1.gff3.gz	Zm-Oh43-REFERENCE-NAM-1.0_Zm00039ab.1.interproscan.tsv.gz		Zm-Oh43-REFERENCE-NAM-1.0_Zm00039ab.1_entap_results.tsv.gz	https://download.maizegdb.org/Genomes/NAM_Founders/Zm-Oh43-REFERENCE-NAM-1.0/Zm-Oh43-REFERENCE-NAM-1.0.fa.gz	https://download.maizegdb.org/Genomes/NAM_Founders/Zm-Oh43-REFERENCE-NAM-1.0/Zm-Oh43-REFERENCE-NAM-1.0_Zm00039ab.1.protein.fa.gz	https://download.maizegdb.org/Genomes/NAM_Founders/Zm-Oh43-REFERENCE-NAM-1.0/Zm-Oh43-REFERENCE-NAM-1.0_Zm00039ab.1.gff3.gz	https://download.maizegdb.org/Genomes/NAM_Founders/Zm-Oh43-REFERENCE-NAM-1.0/Zm-Oh43-REFERENCE-NAM-1.0_Zm00039ab.1.interproscan.tsv.gz		https://download.maizegdb.org/Genomes/NAM_Founders/Zm-Oh43-REFERENCE-NAM-1.0/Zm-Oh43-REFERENCE-NAM-1.0_Zm00039ab.1_entap_results.tsv.gz	37	
NAM_Founders	Zm-Oh7B-REFERENCE-NAM-1.0	Zea mays subsp. mays	Zea	maize	2	single	True	1.0	Zm00038ab.1	624000000	COMPRESSED file size in bytes (from FTP listing) - NOT assembly base count. Do not use for runtime/array sizing; real base counts are logged per task by helixer_array.sh.	True	True	False	https://download.maizegdb.org/Genomes/NAM_Founders/Zm-Oh7B-REFERENCE-NAM-1.0/	Zm-Oh7B-REFERENCE-NAM-1.0.fa.gz	Zm-Oh7B-REFERENCE-NAM-1.0_Zm00038ab.1.protein.fa.gz	Zm-Oh7B-REFERENCE-NAM-1.0_Zm00038ab.1.gff3.gz	Zm-Oh7B-REFERENCE-NAM-1.0_Zm00038ab.1.interproscan.tsv.gz		Zm-Oh7B-REFERENCE-NAM-1.0_Zm00038ab.1_entap_results.tsv.gz	https://download.maizegdb.org/Genomes/NAM_Founders/Zm-Oh7B-REFERENCE-NAM-1.0/Zm-Oh7B-REFERENCE-NAM-1.0.fa.gz	https://download.maizegdb.org/Genomes/NAM_Founders/Zm-Oh7B-REFERENCE-NAM-1.0/Zm-Oh7B-REFERENCE-NAM-1.0_Zm00038ab.1.protein.fa.gz	https://download.maizegdb.org/Genomes/NAM_Founders/Zm-Oh7B-REFERENCE-NAM-1.0/Zm-Oh7B-REFERENCE-NAM-1.0_Zm00038ab.1.gff3.gz	https://download.maizegdb.org/Genomes/NAM_Founders/Zm-Oh7B-REFERENCE-NAM-1.0/Zm-Oh7B-REFERENCE-NAM-1.0_Zm00038ab.1.interproscan.tsv.gz		https://download.maizegdb.org/Genomes/NAM_Founders/Zm-Oh7B-REFERENCE-NAM-1.0/Zm-Oh7B-REFERENCE-NAM-1.0_Zm00038ab.1_entap_results.tsv.gz	37	
NAM_Founders	Zm-P39-REFERENCE-NAM-1.0	Zea mays subsp. mays	Zea	maize	2	single	True	1.0	Zm00040ab.1	618000000	COMPRESSED file size in bytes (from FTP listing) - NOT assembly base count. Do not use for runtime/array sizing; real base counts are logged per task by helixer_array.sh.	True	True	False	https://download.maizegdb.org/Genomes/NAM_Founders/Zm-P39-REFERENCE-NAM-1.0/	Zm-P39-REFERENCE-NAM-1.0.fa.gz	Zm-P39-REFERENCE-NAM-1.0_Zm00040ab.1.protein.fa.gz	Zm-P39-REFERENCE-NAM-1.0_Zm00040ab.1.gff3.gz	Zm-P39-REFERENCE-NAM-1.0_Zm00040ab.1.interproscan.tsv.gz		Zm-P39-REFERENCE-NAM-1.0_Zm00040ab.1_entap_results.tsv.gz	https://download.maizegdb.org/Genomes/NAM_Founders/Zm-P39-REFERENCE-NAM-1.0/Zm-P39-REFERENCE-NAM-1.0.fa.gz	https://download.maizegdb.org/Genomes/NAM_Founders/Zm-P39-REFERENCE-NAM-1.0/Zm-P39-REFERENCE-NAM-1.0_Zm00040ab.1.protein.fa.gz	https://download.maizegdb.org/Genomes/NAM_Founders/Zm-P39-REFERENCE-NAM-1.0/Zm-P39-REFERENCE-NAM-1.0_Zm00040ab.1.gff3.gz	https://download.maizegdb.org/Genomes/NAM_Founders/Zm-P39-REFERENCE-NAM-1.0/Zm-P39-REFERENCE-NAM-1.0_Zm00040ab.1.interproscan.tsv.gz		https://download.maizegdb.org/Genomes/NAM_Founders/Zm-P39-REFERENCE-NAM-1.0/Zm-P39-REFERENCE-NAM-1.0_Zm00040ab.1_entap_results.tsv.gz	45	
NAM_Founders	Zm-Tx303-REFERENCE-NAM-1.0	Zea mays subsp. mays	Zea	maize	2	single	True	1.0	Zm00041ab.1	633000000	COMPRESSED file size in bytes (from FTP listing) - NOT assembly base count. Do not use for runtime/array sizing; real base counts are logged per task by helixer_array.sh.	True	True	False	https://download.maizegdb.org/Genomes/NAM_Founders/Zm-Tx303-REFERENCE-NAM-1.0/	Zm-Tx303-REFERENCE-NAM-1.0.fa.gz	Zm-Tx303-REFERENCE-NAM-1.0_Zm00041ab.1.protein.fa.gz	Zm-Tx303-REFERENCE-NAM-1.0_Zm00041ab.1.gff3.gz	Zm-Tx303-REFERENCE-NAM-1.0_Zm00041ab.1.interproscan.tsv.gz		Zm-Tx303-REFERENCE-NAM-1.0_Zm00041ab.1_entap_results.tsv.gz	https://download.maizegdb.org/Genomes/NAM_Founders/Zm-Tx303-REFERENCE-NAM-1.0/Zm-Tx303-REFERENCE-NAM-1.0.fa.gz	https://download.maizegdb.org/Genomes/NAM_Founders/Zm-Tx303-REFERENCE-NAM-1.0/Zm-Tx303-REFERENCE-NAM-1.0_Zm00041ab.1.protein.fa.gz	https://download.maizegdb.org/Genomes/NAM_Founders/Zm-Tx303-REFERENCE-NAM-1.0/Zm-Tx303-REFERENCE-NAM-1.0_Zm00041ab.1.gff3.gz	https://download.maizegdb.org/Genomes/NAM_Founders/Zm-Tx303-REFERENCE-NAM-1.0/Zm-Tx303-REFERENCE-NAM-1.0_Zm00041ab.1.interproscan.tsv.gz		https://download.maizegdb.org/Genomes/NAM_Founders/Zm-Tx303-REFERENCE-NAM-1.0/Zm-Tx303-REFERENCE-NAM-1.0_Zm00041ab.1_entap_results.tsv.gz	45	
NAM_Founders	Zm-Tzi8-REFERENCE-NAM-1.0	Zea mays subsp. mays	Zea	maize	2	single	True	1.0	Zm00042ab.1	651000000	COMPRESSED file size in bytes (from FTP listing) - NOT assembly base count. Do not use for runtime/array sizing; real base counts are logged per task by helixer_array.sh.	True	True	False	https://download.maizegdb.org/Genomes/NAM_Founders/Zm-Tzi8-REFERENCE-NAM-1.0/	Zm-Tzi8-REFERENCE-NAM-1.0.fa.gz	Zm-Tzi8-REFERENCE-NAM-1.0_Zm00042ab.1.protein.fa.gz	Zm-Tzi8-REFERENCE-NAM-1.0_Zm00042ab.1.gff3.gz	Zm-Tzi8-REFERENCE-NAM-1.0_Zm00042ab.1.interproscan.tsv.gz		Zm-Tzi8-REFERENCE-NAM-1.0_Zm00042ab.1_entap_results.tsv.gz	https://download.maizegdb.org/Genomes/NAM_Founders/Zm-Tzi8-REFERENCE-NAM-1.0/Zm-Tzi8-REFERENCE-NAM-1.0.fa.gz	https://download.maizegdb.org/Genomes/NAM_Founders/Zm-Tzi8-REFERENCE-NAM-1.0/Zm-Tzi8-REFERENCE-NAM-1.0_Zm00042ab.1.protein.fa.gz	https://download.maizegdb.org/Genomes/NAM_Founders/Zm-Tzi8-REFERENCE-NAM-1.0/Zm-Tzi8-REFERENCE-NAM-1.0_Zm00042ab.1.gff3.gz	https://download.maizegdb.org/Genomes/NAM_Founders/Zm-Tzi8-REFERENCE-NAM-1.0/Zm-Tzi8-REFERENCE-NAM-1.0_Zm00042ab.1.interproscan.tsv.gz		https://download.maizegdb.org/Genomes/NAM_Founders/Zm-Tzi8-REFERENCE-NAM-1.0/Zm-Tzi8-REFERENCE-NAM-1.0_Zm00042ab.1_entap_results.tsv.gz	45	
Pan-Andropogoneae	Av-Kellogg1287_8-REFERENCE-PanAnd-1.0	Anatherum virginicum	Andropogoneae_outgroup	andropogoneae	2	single	True	1.0	Av00001ab.1	254000000	COMPRESSED file size in bytes (from FTP listing) - NOT assembly base count. Do not use for runtime/array sizing; real base counts are logged per task by helixer_array.sh.	True	False	True	https://download.maizegdb.org/Genomes/Pan-Andropogoneae/Av-Kellogg1287_8-REFERENCE-PanAnd-1.0/	Av-Kellogg1287_8-REFERENCE-PanAnd-1.0.fa.gz	Av-Kellogg1287_8-REFERENCE-PanAnd-1.0_Av00001ab.1.protein.fa.gz	Av-Kellogg1287_8-REFERENCE-PanAnd-1.0_Av00001aa.1.gff3.gz		Av-Kellogg1287_8-REFERENCE-PanAnd-1.0_helixer.gff.gz	Av-Kellogg1287_8-REFERENCE-PanAnd-1.0_Av00001ab.1_entap_results.tsv.gz	https://download.maizegdb.org/Genomes/Pan-Andropogoneae/Av-Kellogg1287_8-REFERENCE-PanAnd-1.0/Av-Kellogg1287_8-REFERENCE-PanAnd-1.0.fa.gz	https://download.maizegdb.org/Genomes/Pan-Andropogoneae/Av-Kellogg1287_8-REFERENCE-PanAnd-1.0/Av-Kellogg1287_8-REFERENCE-PanAnd-1.0_Av00001ab.1.protein.fa.gz	https://download.maizegdb.org/Genomes/Pan-Andropogoneae/Av-Kellogg1287_8-REFERENCE-PanAnd-1.0/Av-Kellogg1287_8-REFERENCE-PanAnd-1.0_Av00001aa.1.gff3.gz		https://download.maizegdb.org/Genomes/Pan-Andropogoneae/Av-Kellogg1287_8-REFERENCE-PanAnd-1.0/Av-Kellogg1287_8-REFERENCE-PanAnd-1.0_helixer.gff.gz	https://download.maizegdb.org/Genomes/Pan-Andropogoneae/Av-Kellogg1287_8-REFERENCE-PanAnd-1.0/Av-Kellogg1287_8-REFERENCE-PanAnd-1.0_Av00001ab.1_entap_results.tsv.gz	31	
Pan-Andropogoneae	Td-FL_9056069_6-REFERENCE-PanAnd-2.0a	Tripsacum dactyloides	Tripsacum	tripsacum	2	primary	True	2.0a	Td00001bc.1	666000000	COMPRESSED file size in bytes (from FTP listing) - NOT assembly base count. Do not use for runtime/array sizing; real base counts are logged per task by helixer_array.sh.	True	False	True	https://download.maizegdb.org/Genomes/Pan-Andropogoneae/Td-FL_9056069_6-REFERENCE-PanAnd-2.0/Td-FL_9056069_6-REFERENCE-PanAnd-2.0a/	Td-FL_9056069_6-REFERENCE-PanAnd-2.0a.fa.gz	Td-FL_9056069_6-REFERENCE-PanAnd-2.0a_Td00001bc.1.protein.fa.gz	Td-FL_9056069_6-REFERENCE-PanAnd-2.0a_Td00001bc.1.gff3.gz		Td-FL_9056069_6-REFERENCE-PanAnd-2.0a_helixer.gff.gz	Td-FL_9056069_6-REFERENCE-PanAnd-2.0a_entap_results.tsv.gz	https://download.maizegdb.org/Genomes/Pan-Andropogoneae/Td-FL_9056069_6-REFERENCE-PanAnd-2.0/Td-FL_9056069_6-REFERENCE-PanAnd-2.0a/Td-FL_9056069_6-REFERENCE-PanAnd-2.0a.fa.gz	https://download.maizegdb.org/Genomes/Pan-Andropogoneae/Td-FL_9056069_6-REFERENCE-PanAnd-2.0/Td-FL_9056069_6-REFERENCE-PanAnd-2.0a/Td-FL_9056069_6-REFERENCE-PanAnd-2.0a_Td00001bc.1.protein.fa.gz	https://download.maizegdb.org/Genomes/Pan-Andropogoneae/Td-FL_9056069_6-REFERENCE-PanAnd-2.0/Td-FL_9056069_6-REFERENCE-PanAnd-2.0a/Td-FL_9056069_6-REFERENCE-PanAnd-2.0a_Td00001bc.1.gff3.gz		https://download.maizegdb.org/Genomes/Pan-Andropogoneae/Td-FL_9056069_6-REFERENCE-PanAnd-2.0/Td-FL_9056069_6-REFERENCE-PanAnd-2.0a/Td-FL_9056069_6-REFERENCE-PanAnd-2.0a_helixer.gff.gz	https://download.maizegdb.org/Genomes/Pan-Andropogoneae/Td-FL_9056069_6-REFERENCE-PanAnd-2.0/Td-FL_9056069_6-REFERENCE-PanAnd-2.0a/Td-FL_9056069_6-REFERENCE-PanAnd-2.0a_entap_results.tsv.gz	19	primary haplotype assembly; 2.0b is the alternate haplotype of the same individual
Pan-Andropogoneae	Td-FL_9056069_6-REFERENCE-PanAnd-2.0b	Tripsacum dactyloides	Tripsacum	tripsacum	2	alternate	False	2.0b	Td00001bc.1	705000000	COMPRESSED file size in bytes (from FTP listing) - NOT assembly base count. Do not use for runtime/array sizing; real base counts are logged per task by helixer_array.sh.	True	False	True	https://download.maizegdb.org/Genomes/Pan-Andropogoneae/Td-FL_9056069_6-REFERENCE-PanAnd-2.0/Td-FL_9056069_6-REFERENCE-PanAnd-2.0b/	Td-FL_9056069_6-REFERENCE-PanAnd-2.0b.fa.gz	Td-FL_9056069_6-REFERENCE-PanAnd-2.0b_Td00001bc.1.protein.fa.gz	Td-FL_9056069_6-REFERENCE-PanAnd-2.0b_Td00001bc.1.gff3.gz		Td-FL_9056069_6-REFERENCE-PanAnd-2.0b_helixer.gff.gz		https://download.maizegdb.org/Genomes/Pan-Andropogoneae/Td-FL_9056069_6-REFERENCE-PanAnd-2.0/Td-FL_9056069_6-REFERENCE-PanAnd-2.0b/Td-FL_9056069_6-REFERENCE-PanAnd-2.0b.fa.gz	https://download.maizegdb.org/Genomes/Pan-Andropogoneae/Td-FL_9056069_6-REFERENCE-PanAnd-2.0/Td-FL_9056069_6-REFERENCE-PanAnd-2.0b/Td-FL_9056069_6-REFERENCE-PanAnd-2.0b_Td00001bc.1.protein.fa.gz	https://download.maizegdb.org/Genomes/Pan-Andropogoneae/Td-FL_9056069_6-REFERENCE-PanAnd-2.0/Td-FL_9056069_6-REFERENCE-PanAnd-2.0b/Td-FL_9056069_6-REFERENCE-PanAnd-2.0b_Td00001bc.1.gff3.gz		https://download.maizegdb.org/Genomes/Pan-Andropogoneae/Td-FL_9056069_6-REFERENCE-PanAnd-2.0/Td-FL_9056069_6-REFERENCE-PanAnd-2.0b/Td-FL_9056069_6-REFERENCE-PanAnd-2.0b_helixer.gff.gz		15	alternate haplotype of same individual as 2.0a - held out of primary matrix to avoid allelic double-counting
Pan-Andropogoneae	Td-KS_B6_1-REFERENCE-PanAnd-2.0a	Tripsacum dactyloides	Tripsacum	tripsacum	2	primary	True	2.0a	Td00002bc.1	659000000	COMPRESSED file size in bytes (from FTP listing) - NOT assembly base count. Do not use for runtime/array sizing; real base counts are logged per task by helixer_array.sh.	True	False	True	https://download.maizegdb.org/Genomes/Pan-Andropogoneae/Td-KS_B6_1-REFERENCE-PanAnd-2.0/Td-KS_B6_1-REFERENCE-PanAnd-2.0a/	Td-KS_B6_1-REFERENCE-PanAnd-2.0a.fa.gz	Td-KS_B6_1-REFERENCE-PanAnd-2.0a_Td00002bc.1.protein.fa.gz	Td-KS_B6_1-REFERENCE-PanAnd-2.0a_Td00002bc.1.gff3.gz		Td-KS_B6_1-REFERENCE-PanAnd-2.0a_helixer.gff3.gz	Td-KS_B6_1-REFERENCE-PanAnd-2.0a_entap_results.tsv.gz	https://download.maizegdb.org/Genomes/Pan-Andropogoneae/Td-KS_B6_1-REFERENCE-PanAnd-2.0/Td-KS_B6_1-REFERENCE-PanAnd-2.0a/Td-KS_B6_1-REFERENCE-PanAnd-2.0a.fa.gz	https://download.maizegdb.org/Genomes/Pan-Andropogoneae/Td-KS_B6_1-REFERENCE-PanAnd-2.0/Td-KS_B6_1-REFERENCE-PanAnd-2.0a/Td-KS_B6_1-REFERENCE-PanAnd-2.0a_Td00002bc.1.protein.fa.gz	https://download.maizegdb.org/Genomes/Pan-Andropogoneae/Td-KS_B6_1-REFERENCE-PanAnd-2.0/Td-KS_B6_1-REFERENCE-PanAnd-2.0a/Td-KS_B6_1-REFERENCE-PanAnd-2.0a_Td00002bc.1.gff3.gz		https://download.maizegdb.org/Genomes/Pan-Andropogoneae/Td-KS_B6_1-REFERENCE-PanAnd-2.0/Td-KS_B6_1-REFERENCE-PanAnd-2.0a/Td-KS_B6_1-REFERENCE-PanAnd-2.0a_helixer.gff3.gz	https://download.maizegdb.org/Genomes/Pan-Andropogoneae/Td-KS_B6_1-REFERENCE-PanAnd-2.0/Td-KS_B6_1-REFERENCE-PanAnd-2.0a/Td-KS_B6_1-REFERENCE-PanAnd-2.0a_entap_results.tsv.gz	17	primary haplotype assembly; 2.0b is the alternate haplotype of the same individual
Pan-Andropogoneae	Td-KS_B6_1-REFERENCE-PanAnd-2.0b	Tripsacum dactyloides	Tripsacum	tripsacum	2	alternate	False	2.0b	Td00002bc.1	642000000	COMPRESSED file size in bytes (from FTP listing) - NOT assembly base count. Do not use for runtime/array sizing; real base counts are logged per task by helixer_array.sh.	True	False	True	https://download.maizegdb.org/Genomes/Pan-Andropogoneae/Td-KS_B6_1-REFERENCE-PanAnd-2.0/Td-KS_B6_1-REFERENCE-PanAnd-2.0b/	Td-KS_B6_1-REFERENCE-PanAnd-2.0b.fa.gz	Td-KS_B6_1-REFERENCE-PanAnd-2.0b_Td00002bc.1.protein.fa.gz	Td-KS_B6_1-REFERENCE-PanAnd-2.0b_Td00002bc.1.gff3.gz		Td-KS_B6_1-REFERENCE-PanAnd-2.0b_helixer.gff.gz		https://download.maizegdb.org/Genomes/Pan-Andropogoneae/Td-KS_B6_1-REFERENCE-PanAnd-2.0/Td-KS_B6_1-REFERENCE-PanAnd-2.0b/Td-KS_B6_1-REFERENCE-PanAnd-2.0b.fa.gz	https://download.maizegdb.org/Genomes/Pan-Andropogoneae/Td-KS_B6_1-REFERENCE-PanAnd-2.0/Td-KS_B6_1-REFERENCE-PanAnd-2.0b/Td-KS_B6_1-REFERENCE-PanAnd-2.0b_Td00002bc.1.protein.fa.gz	https://download.maizegdb.org/Genomes/Pan-Andropogoneae/Td-KS_B6_1-REFERENCE-PanAnd-2.0/Td-KS_B6_1-REFERENCE-PanAnd-2.0b/Td-KS_B6_1-REFERENCE-PanAnd-2.0b_Td00002bc.1.gff3.gz		https://download.maizegdb.org/Genomes/Pan-Andropogoneae/Td-KS_B6_1-REFERENCE-PanAnd-2.0/Td-KS_B6_1-REFERENCE-PanAnd-2.0b/Td-KS_B6_1-REFERENCE-PanAnd-2.0b_helixer.gff.gz		16	alternate haplotype of same individual as 2.0a - held out of primary matrix to avoid allelic double-counting
Pan-Andropogoneae	Zd-Gigi-REFERENCE-PanAnd-1.0	Zea diploperennis	Zea	teosinte_diploperennis	2	single	True	1.0	Zd00001ab.1	894000000	COMPRESSED file size in bytes (from FTP listing) - NOT assembly base count. Do not use for runtime/array sizing; real base counts are logged per task by helixer_array.sh.	True	False	True	https://download.maizegdb.org/Genomes/Pan-Andropogoneae/Zd-Gigi-REFERENCE-PanAnd-1.0/	Zd-Gigi-REFERENCE-PanAnd-1.0.fa.gz	Zd-Gigi-REFERENCE-PanAnd-1.0_Zd00001ab.1.protein.fa.gz	Zd-Gigi-REFERENCE-PanAnd-1.0_Zd00001ab.1.gff3.gz		Zd-Gigi-REFERENCE-PanAnd-1.0_helixer.gff.gz	Zd-Gigi-REFERENCE-PanAnd-1.0_Zd00001ab.1_entap_results.tsv.gz	https://download.maizegdb.org/Genomes/Pan-Andropogoneae/Zd-Gigi-REFERENCE-PanAnd-1.0/Zd-Gigi-REFERENCE-PanAnd-1.0.fa.gz	https://download.maizegdb.org/Genomes/Pan-Andropogoneae/Zd-Gigi-REFERENCE-PanAnd-1.0/Zd-Gigi-REFERENCE-PanAnd-1.0_Zd00001ab.1.protein.fa.gz	https://download.maizegdb.org/Genomes/Pan-Andropogoneae/Zd-Gigi-REFERENCE-PanAnd-1.0/Zd-Gigi-REFERENCE-PanAnd-1.0_Zd00001ab.1.gff3.gz		https://download.maizegdb.org/Genomes/Pan-Andropogoneae/Zd-Gigi-REFERENCE-PanAnd-1.0/Zd-Gigi-REFERENCE-PanAnd-1.0_helixer.gff.gz	https://download.maizegdb.org/Genomes/Pan-Andropogoneae/Zd-Gigi-REFERENCE-PanAnd-1.0/Zd-Gigi-REFERENCE-PanAnd-1.0_Zd00001ab.1_entap_results.tsv.gz	32	
Pan-Andropogoneae	Zd-Momo-REFERENCE-PanAnd-1.0	Zea diploperennis	Zea	teosinte_diploperennis	2	single	True	1.0	Zd00003ab.1	718000000	COMPRESSED file size in bytes (from FTP listing) - NOT assembly base count. Do not use for runtime/array sizing; real base counts are logged per task by helixer_array.sh.	True	False	True	https://download.maizegdb.org/Genomes/Pan-Andropogoneae/Zd-Momo-REFERENCE-PanAnd-1.0/	Zd-Momo-REFERENCE-PanAnd-1.0.fa.gz	Zd-Momo-REFERENCE-PanAnd-1.0_Zd00003ab.1.protein.fa.gz	Zd-Momo-REFERENCE-PanAnd-1.0_Zd00003ab.1.gff3.gz		Zd-Momo-REFERENCE-PanAnd-1.0_helixer.gff.gz	Zd-Momo-REFERENCE-PanAnd-1.0_Zd00003ab.1_entap_results.tsv.gz	https://download.maizegdb.org/Genomes/Pan-Andropogoneae/Zd-Momo-REFERENCE-PanAnd-1.0/Zd-Momo-REFERENCE-PanAnd-1.0.fa.gz	https://download.maizegdb.org/Genomes/Pan-Andropogoneae/Zd-Momo-REFERENCE-PanAnd-1.0/Zd-Momo-REFERENCE-PanAnd-1.0_Zd00003ab.1.protein.fa.gz	https://download.maizegdb.org/Genomes/Pan-Andropogoneae/Zd-Momo-REFERENCE-PanAnd-1.0/Zd-Momo-REFERENCE-PanAnd-1.0_Zd00003ab.1.gff3.gz		https://download.maizegdb.org/Genomes/Pan-Andropogoneae/Zd-Momo-REFERENCE-PanAnd-1.0/Zd-Momo-REFERENCE-PanAnd-1.0_helixer.gff.gz	https://download.maizegdb.org/Genomes/Pan-Andropogoneae/Zd-Momo-REFERENCE-PanAnd-1.0/Zd-Momo-REFERENCE-PanAnd-1.0_Zd00003ab.1_entap_results.tsv.gz	33	
Pan-Andropogoneae	Zh-RIMHU001-REFERENCE-PanAnd-1.0	Zea mays subsp. huehuetenangensis	Zea	teosinte_huehue	2	single	True	1.0	Zh00001ab.1	682000000	COMPRESSED file size in bytes (from FTP listing) - NOT assembly base count. Do not use for runtime/array sizing; real base counts are logged per task by helixer_array.sh.	True	False	True	https://download.maizegdb.org/Genomes/Pan-Andropogoneae/Zh-RIMHU001-REFERENCE-PanAnd-1.0/	Zh-RIMHU001-REFERENCE-PanAnd-1.0.fa.gz	Zh-RIMHU001-REFERENCE-PanAnd-1.0_Zh00001ab.1.protein.fa.gz	Zh-RIMHU001-REFERENCE-PanAnd-1.0_Zh00001ab.1.gff3.gz		Zh-RIMHU001-REFERENCE-PanAnd-1.0_helixer.gff.gz	Zh-RIMHU001-REFERENCE-PanAnd-1.0_Zh00001ab.1_entap_results.tsv.gz	https://download.maizegdb.org/Genomes/Pan-Andropogoneae/Zh-RIMHU001-REFERENCE-PanAnd-1.0/Zh-RIMHU001-REFERENCE-PanAnd-1.0.fa.gz	https://download.maizegdb.org/Genomes/Pan-Andropogoneae/Zh-RIMHU001-REFERENCE-PanAnd-1.0/Zh-RIMHU001-REFERENCE-PanAnd-1.0_Zh00001ab.1.protein.fa.gz	https://download.maizegdb.org/Genomes/Pan-Andropogoneae/Zh-RIMHU001-REFERENCE-PanAnd-1.0/Zh-RIMHU001-REFERENCE-PanAnd-1.0_Zh00001ab.1.gff3.gz		https://download.maizegdb.org/Genomes/Pan-Andropogoneae/Zh-RIMHU001-REFERENCE-PanAnd-1.0/Zh-RIMHU001-REFERENCE-PanAnd-1.0_helixer.gff.gz	https://download.maizegdb.org/Genomes/Pan-Andropogoneae/Zh-RIMHU001-REFERENCE-PanAnd-1.0/Zh-RIMHU001-REFERENCE-PanAnd-1.0_Zh00001ab.1_entap_results.tsv.gz	31	
Pan-Andropogoneae	Zl-RIL003-REFERENCE-PanAnd-1.0	Zea luxurians	Zea	teosinte_luxurians	2	single	True	1.0		878000000	COMPRESSED file size in bytes (from FTP listing) - NOT assembly base count. Do not use for runtime/array sizing; real base counts are logged per task by helixer_array.sh.	False	False	True	https://download.maizegdb.org/Genomes/Pan-Andropogoneae/Zl-RIL003-REFERENCE-PanAnd-1.0/	Zl-RIL003-REFERENCE-PanAnd-1.0.fa.gz				Zl-RIL003-REFERENCE-PanAnd-1.0_helixer.gff.gz		https://download.maizegdb.org/Genomes/Pan-Andropogoneae/Zl-RIL003-REFERENCE-PanAnd-1.0/Zl-RIL003-REFERENCE-PanAnd-1.0.fa.gz				https://download.maizegdb.org/Genomes/Pan-Andropogoneae/Zl-RIL003-REFERENCE-PanAnd-1.0/Zl-RIL003-REFERENCE-PanAnd-1.0_helixer.gff.gz		7	no official annotation - Helixer arm only, excluded from reference-proteome arm
Pan-Andropogoneae	Zn-PI615697-REFERENCE-PanAnd-1.0	Zea nicaraguensis	Zea	teosinte_nicaraguensis	2	single	True	1.0	Zn00001ab.1	1000000000	COMPRESSED file size in bytes (from FTP listing) - NOT assembly base count. Do not use for runtime/array sizing; real base counts are logged per task by helixer_array.sh.	True	False	True	https://download.maizegdb.org/Genomes/Pan-Andropogoneae/Zn-PI615697-REFERENCE-PanAnd-1.0/	Zn-PI615697-REFERENCE-PanAnd-1.0.fa.gz	Zn-PI615697-REFERENCE-PanAnd-1.0_Zn00001ab.1.protein.fa.gz	Zn-PI615697-REFERENCE-PanAnd-1.0_Zn00001ab.1.gff3.gz		Zn-PI615697-REFERENCE-PanAnd-1.0_helixer.gff.gz	Zn-PI615697-REFERENCE-PanAnd-1.0_Zn00001ab.1_entap_results.tsv.gz	https://download.maizegdb.org/Genomes/Pan-Andropogoneae/Zn-PI615697-REFERENCE-PanAnd-1.0/Zn-PI615697-REFERENCE-PanAnd-1.0.fa.gz	https://download.maizegdb.org/Genomes/Pan-Andropogoneae/Zn-PI615697-REFERENCE-PanAnd-1.0/Zn-PI615697-REFERENCE-PanAnd-1.0_Zn00001ab.1.protein.fa.gz	https://download.maizegdb.org/Genomes/Pan-Andropogoneae/Zn-PI615697-REFERENCE-PanAnd-1.0/Zn-PI615697-REFERENCE-PanAnd-1.0_Zn00001ab.1.gff3.gz		https://download.maizegdb.org/Genomes/Pan-Andropogoneae/Zn-PI615697-REFERENCE-PanAnd-1.0/Zn-PI615697-REFERENCE-PanAnd-1.0_helixer.gff.gz	https://download.maizegdb.org/Genomes/Pan-Andropogoneae/Zn-PI615697-REFERENCE-PanAnd-1.0/Zn-PI615697-REFERENCE-PanAnd-1.0_Zn00001ab.1_entap_results.tsv.gz	32	
Pan-Andropogoneae	Zv-TIL01-REFERENCE-PanAnd-1.0	Zea mays subsp. parviglumis	Zea	teosinte_parviglumis	2	single	True	1.0	Zv00001ab.1	688000000	COMPRESSED file size in bytes (from FTP listing) - NOT assembly base count. Do not use for runtime/array sizing; real base counts are logged per task by helixer_array.sh.	True	False	True	https://download.maizegdb.org/Genomes/Pan-Andropogoneae/Zv-TIL01-REFERENCE-PanAnd-1.0/	Zv-TIL01-REFERENCE-PanAnd-1.0.fa.gz	Zv-TIL01-REFERENCE-PanAnd-1.0_Zv00001ab.1.protein.fa.gz	Zv-TIL01-REFERENCE-PanAnd-1.0_Zv00001ab.1.gff3.gz		Zv-TIL01-REFERENCE-PanAnd-1.0_helixer.gff.gz	Zv-TIL01-REFERENCE-PanAnd-1.0_Zv00001ab.1_entap_results.tsv.gz	https://download.maizegdb.org/Genomes/Pan-Andropogoneae/Zv-TIL01-REFERENCE-PanAnd-1.0/Zv-TIL01-REFERENCE-PanAnd-1.0.fa.gz	https://download.maizegdb.org/Genomes/Pan-Andropogoneae/Zv-TIL01-REFERENCE-PanAnd-1.0/Zv-TIL01-REFERENCE-PanAnd-1.0_Zv00001ab.1.protein.fa.gz	https://download.maizegdb.org/Genomes/Pan-Andropogoneae/Zv-TIL01-REFERENCE-PanAnd-1.0/Zv-TIL01-REFERENCE-PanAnd-1.0_Zv00001ab.1.gff3.gz		https://download.maizegdb.org/Genomes/Pan-Andropogoneae/Zv-TIL01-REFERENCE-PanAnd-1.0/Zv-TIL01-REFERENCE-PanAnd-1.0_helixer.gff.gz	https://download.maizegdb.org/Genomes/Pan-Andropogoneae/Zv-TIL01-REFERENCE-PanAnd-1.0/Zv-TIL01-REFERENCE-PanAnd-1.0_Zv00001ab.1_entap_results.tsv.gz	32	
Pan-Andropogoneae	Zv-TIL11-REFERENCE-PanAnd-1.0	Zea mays subsp. parviglumis	Zea	teosinte_parviglumis	2	single	True	1.0	Zv00002ab.1	660000000	COMPRESSED file size in bytes (from FTP listing) - NOT assembly base count. Do not use for runtime/array sizing; real base counts are logged per task by helixer_array.sh.	True	False	True	https://download.maizegdb.org/Genomes/Pan-Andropogoneae/Zv-TIL11-REFERENCE-PanAnd-1.0/	Zv-TIL11-REFERENCE-PanAnd-1.0.fa.gz	Zv-TIL11-REFERENCE-PanAnd-1.0_Zv00002ab.1.protein.fa.gz	Zv-TIL11-REFERENCE-PanAnd-1.0_Zv00002ab.1.gff3.gz		Zv-TIL11-REFERENCE-PanAnd-1.0_helixer.gff.gz	Zv-TIL11-REFERENCE-PanAnd-1.0_Zv00002ab.1_entap_results.tsv.gz	https://download.maizegdb.org/Genomes/Pan-Andropogoneae/Zv-TIL11-REFERENCE-PanAnd-1.0/Zv-TIL11-REFERENCE-PanAnd-1.0.fa.gz	https://download.maizegdb.org/Genomes/Pan-Andropogoneae/Zv-TIL11-REFERENCE-PanAnd-1.0/Zv-TIL11-REFERENCE-PanAnd-1.0_Zv00002ab.1.protein.fa.gz	https://download.maizegdb.org/Genomes/Pan-Andropogoneae/Zv-TIL11-REFERENCE-PanAnd-1.0/Zv-TIL11-REFERENCE-PanAnd-1.0_Zv00002ab.1.gff3.gz		https://download.maizegdb.org/Genomes/Pan-Andropogoneae/Zv-TIL11-REFERENCE-PanAnd-1.0/Zv-TIL11-REFERENCE-PanAnd-1.0_helixer.gff.gz	https://download.maizegdb.org/Genomes/Pan-Andropogoneae/Zv-TIL11-REFERENCE-PanAnd-1.0/Zv-TIL11-REFERENCE-PanAnd-1.0_Zv00002ab.1_entap_results.tsv.gz	31	
Pan-Andropogoneae	Zx-TIL18-REFERENCE-PanAnd-1.0	Zea mays subsp. mexicana	Zea	teosinte_mexicana	2	single	True	1.0	Zx00002ab.1	640000000	COMPRESSED file size in bytes (from FTP listing) - NOT assembly base count. Do not use for runtime/array sizing; real base counts are logged per task by helixer_array.sh.	True	False	True	https://download.maizegdb.org/Genomes/Pan-Andropogoneae/Zx-TIL18-REFERENCE-PanAnd-1.0/	Zx-TIL18-REFERENCE-PanAnd-1.0.fa.gz	Zx-TIL18-REFERENCE-PanAnd-1.0_Zx00002ab.1.protein.fa.gz	Zx-TIL18-REFERENCE-PanAnd-1.0_Zx00002ab.1.gff3.gz		Zx-TIL18-REFERENCE-PanAnd-1.0_helixer.gff.gz	Zx-TIL18-REFERENCE-PanAnd-1.0_Zx00002ab.1_entap_results.tsv.gz	https://download.maizegdb.org/Genomes/Pan-Andropogoneae/Zx-TIL18-REFERENCE-PanAnd-1.0/Zx-TIL18-REFERENCE-PanAnd-1.0.fa.gz	https://download.maizegdb.org/Genomes/Pan-Andropogoneae/Zx-TIL18-REFERENCE-PanAnd-1.0/Zx-TIL18-REFERENCE-PanAnd-1.0_Zx00002ab.1.protein.fa.gz	https://download.maizegdb.org/Genomes/Pan-Andropogoneae/Zx-TIL18-REFERENCE-PanAnd-1.0/Zx-TIL18-REFERENCE-PanAnd-1.0_Zx00002ab.1.gff3.gz		https://download.maizegdb.org/Genomes/Pan-Andropogoneae/Zx-TIL18-REFERENCE-PanAnd-1.0/Zx-TIL18-REFERENCE-PanAnd-1.0_helixer.gff.gz	https://download.maizegdb.org/Genomes/Pan-Andropogoneae/Zx-TIL18-REFERENCE-PanAnd-1.0/Zx-TIL18-REFERENCE-PanAnd-1.0_Zx00002ab.1_entap_results.tsv.gz	31	
Pan-Andropogoneae	Zx-TIL25-REFERENCE-PanAnd-1.0	Zea mays subsp. mexicana	Zea	teosinte_mexicana	2	single	True	1.0	Zx00003ab.1	597000000	COMPRESSED file size in bytes (from FTP listing) - NOT assembly base count. Do not use for runtime/array sizing; real base counts are logged per task by helixer_array.sh.	True	False	True	https://download.maizegdb.org/Genomes/Pan-Andropogoneae/Zx-TIL25-REFERENCE-PanAnd-1.0/	Zx-TIL25-REFERENCE-PanAnd-1.0.fa.gz	Zx-TIL25-REFERENCE-PanAnd-1.0_Zx00003ab.1.protein.fa.gz	Zx-TIL25-REFERENCE-PanAnd-1.0_Zx00003ab.1.gff3.gz		Zx-TIL25-REFERENCE-PanAnd-1.0_helixer.gff.gz	Zx-TIL25-REFERENCE-PanAnd-1.0_Zx00003ab.1_entap_results.tsv.gz	https://download.maizegdb.org/Genomes/Pan-Andropogoneae/Zx-TIL25-REFERENCE-PanAnd-1.0/Zx-TIL25-REFERENCE-PanAnd-1.0.fa.gz	https://download.maizegdb.org/Genomes/Pan-Andropogoneae/Zx-TIL25-REFERENCE-PanAnd-1.0/Zx-TIL25-REFERENCE-PanAnd-1.0_Zx00003ab.1.protein.fa.gz	https://download.maizegdb.org/Genomes/Pan-Andropogoneae/Zx-TIL25-REFERENCE-PanAnd-1.0/Zx-TIL25-REFERENCE-PanAnd-1.0_Zx00003ab.1.gff3.gz		https://download.maizegdb.org/Genomes/Pan-Andropogoneae/Zx-TIL25-REFERENCE-PanAnd-1.0/Zx-TIL25-REFERENCE-PanAnd-1.0_helixer.gff.gz	https://download.maizegdb.org/Genomes/Pan-Andropogoneae/Zx-TIL25-REFERENCE-PanAnd-1.0/Zx-TIL25-REFERENCE-PanAnd-1.0_Zx00003ab.1_entap_results.tsv.gz	32	
